{
  "properties": {
    "connectionReferences": {
      "shared_onedriveforbusiness": {
        "runtimeSource": "embedded",
        "connection": {
          "connectionReferenceLogicalName": "ntt_sharedonedriveforbusiness_24758"
        },
        "api": {
          "name": "shared_onedriveforbusiness"
        }
      },
      "shared_commondataserviceforapps": {
        "runtimeSource": "embedded",
        "connection": {
          "connectionReferenceLogicalName": "ntt_sharedcommondataserviceforapps_efeb3"
        },
        "api": {
          "name": "shared_commondataserviceforapps"
        }
      }
    },
    "definition": {
      "$schema": "https://schema.management.azure.com/providers/Microsoft.Logic/schemas/2016-06-01/workflowdefinition.json#",
      "contentVersion": "1.0.0.0",
      "parameters": {
        "$connections": {
          "defaultValue": {},
          "type": "Object"
        },
        "$authentication": {
          "defaultValue": {},
          "type": "SecureObject"
        }
      },
      "triggers": {
        "manual": {
          "metadata": {
            "operationMetadataId": "07cf5509-7662-4a7a-815c-9cf0e5e558a9"
          },
          "type": "Request",
          "kind": "Http",
          "inputs": {
            "schema": {
              "type": "object",
              "properties": {
                "result": {
                  "type": "string"
                }
              }
            },
            "triggerAuthenticationType": "All"
          }
        }
      },
      "actions": {
        "Initialize_variable": {
          "runAfter": {
            "Initialize_variable_2": [
              "Succeeded"
            ]
          },
          "metadata": {
            "operationMetadataId": "101ee910-3e45-44e7-bb7d-8aad4a497834"
          },
          "type": "InitializeVariable",
          "inputs": {
            "variables": [
              {
                "name": "Result",
                "type": "string",
                "value": "@triggerBody()?['result']"
              }
            ]
          }
        },
        "Create_file": {
          "runAfter": {
            "Set_variable": [
              "Succeeded"
            ]
          },
          "metadata": {
            "operationMetadataId": "83773372-954b-40dc-81df-7bfe1464816f"
          },
          "type": "OpenApiConnection",
          "inputs": {
            "host": {
              "connectionName": "shared_onedriveforbusiness",
              "operationId": "CreateFile",
              "apiId": "/providers/Microsoft.PowerApps/apis/shared_onedriveforbusiness"
            },
            "parameters": {
              "folderPath": "/Captcha",
              "name": "@{utcNow()}.png",
              "body": "@base64ToBinary(variables('Result'))"
            },
            "authentication": "@parameters('$authentication')"
          },
          "runtimeConfiguration": {
            "contentTransfer": {
              "transferMode": "Chunked"
            }
          }
        },
        "Substring": {
          "runAfter": {
            "Initialize_variable": [
              "Succeeded"
            ]
          },
          "metadata": {
            "operationMetadataId": "8f1338c2-b5af-42c6-a7c9-4be04bf2feb8"
          },
          "type": "Expression",
          "kind": "Substring",
          "inputs": {
            "text": "@variables('Result')",
            "startingPosition": 22,
            "length": "@sub(length(variables('Result')),22)"
          }
        },
        "Set_variable": {
          "runAfter": {
            "Substring": [
              "Succeeded"
            ]
          },
          "metadata": {
            "operationMetadataId": "b0993af4-9265-4f11-a628-3fe618c53fd3"
          },
          "type": "SetVariable",
          "inputs": {
            "name": "Result",
            "value": "@body('Substring')"
          }
        },
        "Recognize_text_in_an_image_or_a_PDF_document": {
          "runAfter": {
            "Get_file_content": [
              "Succeeded"
            ]
          },
          "metadata": {
            "operationMetadataId": "5d824c69-1f4a-4ae1-a527-26fa4a63ca1c",
            "flowSystemMetadata": {
              "portalOperationId": "aibuilderpredict_textrecognition",
              "portalOperationGroup": "aibuilder",
              "portalOperationApiDisplayNameOverride": "AI Builder",
              "portalOperationIconOverride": "https://content.powerapps.com/resource/makerx/static/pauto/images/designeroperations/aiBuilderNew.51dbdb6b.png",
              "portalOperationBrandColorOverride": "#0A76C4",
              "portalOperationApiTierOverride": "Standard"
            }
          },
          "type": "OpenApiConnection",
          "inputs": {
            "host": {
              "connectionName": "shared_commondataserviceforapps",
              "operationId": "aibuilderpredict_textrecognition",
              "apiId": "/providers/Microsoft.PowerApps/apis/shared_commondataserviceforapps"
            },
            "parameters": {
              "item/requestv2/base64Encoded": "@body('Get_file_content')"
            },
            "authentication": "@parameters('$authentication')"
          }
        },
        "Get_file_content": {
          "runAfter": {
            "Create_file": [
              "Succeeded"
            ]
          },
          "metadata": {
            "operationMetadataId": "d3287f45-af46-4fb0-bd49-5aea040e2283"
          },
          "type": "OpenApiConnection",
          "inputs": {
            "host": {
              "connectionName": "shared_onedriveforbusiness",
              "operationId": "GetFileContent",
              "apiId": "/providers/Microsoft.PowerApps/apis/shared_onedriveforbusiness"
            },
            "parameters": {
              "id": "@outputs('Create_file')?['body/Id']",
              "inferContentType": true
            },
            "authentication": "@parameters('$authentication')"
          }
        },
        "Response": {
          "runAfter": {
            "Apply_to_each_2": [
              "Succeeded"
            ]
          },
          "metadata": {
            "operationMetadataId": "08ac712a-0cd5-49ab-b9b5-7a27a9678032"
          },
          "type": "Response",
          "kind": "Http",
          "inputs": {
            "statusCode": 200,
            "body": {
              "response": "@{variables('Response')}"
            },
            "schema": {
              "type": "object",
              "properties": {
                "response": {
                  "type": "string"
                }
              }
            }
          }
        },
        "Apply_to_each_2": {
          "foreach": "@outputs('Recognize_text_in_an_image_or_a_PDF_document')?['body/responsev2/predictionOutput/results']",
          "actions": {
            "Apply_to_each": {
              "foreach": "@items('Apply_to_each_2')?['lines']",
              "actions": {
                "Set_variable_2": {
                  "runAfter": {},
                  "metadata": {
                    "operationMetadataId": "052e9a86-49a1-4210-8875-7097e032bbf1"
                  },
                  "type": "SetVariable",
                  "inputs": {
                    "name": "Response",
                    "value": "@items('Apply_to_each')?['text']"
                  }
                }
              },
              "runAfter": {},
              "metadata": {
                "operationMetadataId": "f725e4cb-becd-4279-8926-ad14149a7fc6"
              },
              "type": "Foreach"
            }
          },
          "runAfter": {
            "Recognize_text_in_an_image_or_a_PDF_document": [
              "Succeeded"
            ]
          },
          "metadata": {
            "operationMetadataId": "88b9a17a-7721-4ddb-ab1b-7a480ebe3b1c"
          },
          "type": "Foreach"
        },
        "Initialize_variable_2": {
          "runAfter": {},
          "metadata": {
            "operationMetadataId": "d5b6a52f-396e-406d-83e9-9b62be4c54e9"
          },
          "type": "InitializeVariable",
          "inputs": {
            "variables": [
              {
                "name": "Response",
                "type": "string"
              }
            ]
          }
        }
      }
    },
    "templateName": ""
  },
  "schemaVersion": "1.0.0.0"
}