<ImportExportXml xmlns:xsi="http://www.w3.org/2001/XMLSchema-instance">
  <Entities></Entities>
  <Roles></Roles>
  <Workflows>
    <Workflow WorkflowId="{117dee43-3402-ef11-9f89-002248995c06}" Name="FLOW - Desktop Flow Calls - Lutfi">
      <JsonFileName>/Workflows/FLOW-DesktopFlowCalls-Lutfi-117DEE43-3402-EF11-9F89-002248995C06.json</JsonFileName>
      <Type>1</Type>
      <Subprocess>0</Subprocess>
      <Category>5</Category>
      <Mode>0</Mode>
      <Scope>4</Scope>
      <OnDemand>0</OnDemand>
      <TriggerOnCreate>0</TriggerOnCreate>
      <TriggerOnDelete>0</TriggerOnDelete>
      <AsyncAutodelete>0</AsyncAutodelete>
      <SyncWorkflowLogOnFailure>0</SyncWorkflowLogOnFailure>
      <StateCode>0</StateCode>
      <StatusCode>1</StatusCode>
      <RunAs>1</RunAs>
      <IsTransacted>1</IsTransacted>
      <IntroducedVersion>1.0.0.0</IntroducedVersion>
      <IsCustomizable>1</IsCustomizable>
      <BusinessProcessType>0</BusinessProcessType>
      <IsCustomProcessingStepAllowedForOtherPublishers>1</IsCustomProcessingStepAllowedForOtherPublishers>
      <PrimaryEntity>none</PrimaryEntity>
      <LocalizedNames>
        <LocalizedName languagecode="1033" description="FLOW - Desktop Flow Calls - Lutfi" />
      </LocalizedNames>
    </Workflow>
    <Workflow WorkflowId="{9c3f42df-6fe0-47da-8f97-88475a7ae5ae}" Name="DESKTOP FLOW - iData Appointment Check - Lütfi">
      <JsonFileName>/Workflows/DESKTOPFLOW-iDataAppointmentCheck-Ltfi-9C3F42DF-6FE0-47DA-8F97-88475A7AE5AE.json</JsonFileName>
      <Type>1</Type>
      <Subprocess>0</Subprocess>
      <Category>6</Category>
      <Mode>0</Mode>
      <Scope>4</Scope>
      <OnDemand>0</OnDemand>
      <TriggerOnCreate>0</TriggerOnCreate>
      <TriggerOnDelete>0</TriggerOnDelete>
      <AsyncAutodelete>0</AsyncAutodelete>
      <SyncWorkflowLogOnFailure>0</SyncWorkflowLogOnFailure>
      <StateCode>1</StateCode>
      <StatusCode>2</StatusCode>
      <RunAs>1</RunAs>
      <IsTransacted>1</IsTransacted>
      <IntroducedVersion>1.0</IntroducedVersion>
      <IsCustomizable>1</IsCustomizable>
      <BusinessProcessType>0</BusinessProcessType>
      <UIFlowType>2</UIFlowType>
      <IsCustomProcessingStepAllowedForOtherPublishers>1</IsCustomProcessingStepAllowedForOtherPublishers>
      <Metadata>{"isvalid":true,"schemaVersion":"ROBIN_20211012","containsActiveConnections":false}</Metadata>
      <Inputs>{"schema":null}</Inputs>
      <Outputs>{"schema":null}</Outputs>
      <Dependencies>{"childFlows":[],"workQueues":[]}</Dependencies>
      <ConnectionReferences>[{"api":{"name":"/providers/Microsoft.PowerApps/apis/shared_office365"},"displayName":"Office 365 Outlook powerx-61084","isDisabled":false,"connectionReferenceLogicalName":"ntt_sharedoffice365_61084","name":"shared-office365-61e41732-14d3-4695-9ca7-5fc915f9ec32","connectionDisplayName":"hazerkirbasoglu@zkqm3.onmicrosoft.com","ownerId":null,"padInternalId":"c975f903-1f51-4c82-b775-bdaf7af40999","isEmbedded":false}]</ConnectionReferences>
      <Definition>"@@ConnectionString: ''\r\n@@Type: 'Local'\r\n@@DesktopType: 'local'\r\n@@DisplayName: 'Local computer'\r\nIMPORT 'controlRepo.appmask' AS appmask\r\nIMPORT 'imageRepo.imgrepo' AS imgrepo\r\n@SENSITIVE: []\r\nLABEL ErrorLabel\r\nWebAutomation.LaunchChrome.LaunchChrome Url: $fx'https://ita-schengen.idata.com.tr/tr' WindowState: WebAutomation.BrowserWindowState.Maximized ClearCache: False ClearCookies: False WaitForPageToLoadTimeout: $fx'=60' Timeout: $fx'=60' BrowserInstance=&gt; Browser\r\nIF (WebAutomation.IfWebPageContains.WebPageContainsElement BrowserInstance: $fx'=Browser' Control: appmask['Web Page \\'https://ita-schengen.idata.com.tr/tr\\'']['Div \\'ERROR\\'']) THEN\r\n    WebAutomation.CloseWebBrowser BrowserInstance: $fx'=Browser'\r\n    WAIT $fx'=600'\r\n    @@'emailMessage/Sensitivity': ''\r\n@@connectionDisplayName: 'Office 365 Outlook powerx-61084'\r\nExternal.InvokeCloudConnector Connection: 'c975f903-1f51-4c82-b775-bdaf7af40999' ConnectorId: '/providers/Microsoft.PowerApps/apis/shared_office365' OperationId: 'SendEmailV2' @'emailMessage/To': $fx'iremssayar@gmail.com; hazerkirbasoglu@gmail.com; hazer.kirbasoglu@bs.nttdata.com; irem.sayar@finagotech.com.tr' @'emailMessage/Subject': $fx'Error Oluştu (IDATA) !!!' @'emailMessage/Body': $fx'Git bi bilgisayara bakıver.' @'emailMessage/Importance': $fx'=\"\"'\r\n    GOTO ErrorLabel\r\nEND\r\nLABEL GoToLabel\r\nIF (WebAutomation.IfWebPageContains.WebPageContainsElement BrowserInstance: $fx'=Browser' Control: appmask['Web Page \\'https://ita-schengen.idata.com.tr/tr\\'']['Div \\'Verify you are  ...  Privacy • Terms\\' 2']) THEN\r\n    WebAutomation.Click.Click BrowserInstance: $fx'=Browser' Control: appmask['Web Page \\'https://ita-schengen.idata.com.tr/tr\\'']['Input checkbox'] ClickType: WebAutomation.ClickType.LeftClick MouseClick: True WaitForPageToLoadTimeout: $fx'=60' MousePositionRelativeToElement: WebAutomation.RectangleEdgePoint.MiddleCenter OffsetX: $fx'=0' OffsetY: $fx'=0'\r\nEND\r\nWAIT (WebAutomation.WaitForWebPageContent.WebPageToContainElement BrowserInstance: $fx'=Browser' Control: appmask['Web Page \\'https://ita-schengen.idata.com.tr/tr\\'']['Image \\'CAPTCHA Resmi\\''])\r\nWebAutomation.ExtractData.ExtractSingleValue BrowserInstance: $fx'=Browser' ExtractionParameters: {[$fx'html &gt; body &gt; div:eq(1) &gt; div:eq(0) &gt; div &gt; div &gt; form &gt; div &gt; div:eq(2) &gt; div:eq(0) &gt; img', $fx'Source Link', $fx'=\"\"'] } TimeoutInSeconds: $fx'=60' ExtractedData=&gt; DataFromWebPage\r\nSET NewVar2 TO $fx'=ReadCell(DataFromWebPage,1,1)'\r\nWeb.InvokeWebService.InvokeWebService Url: $fx'https://prod-79.westeurope.logic.azure.com:443/workflows/26e98bfd657647eca318153012e8787a/triggers/manual/paths/invoke?api-version=2016-06-01&amp;sp=%2Ftriggers%2Fmanual%2Frun&amp;sv=1.0&amp;sig=2ekcWhCpthUX7s2W79zelbgFfN5hZIEHOxMQyEi1liQ' Method: Web.Method.Post Accept: $fx'application/json' ContentType: $fx'application/json' CustomHeaders: $fx'Content-type: application/json' RequestBody: $fx'{\"result\":\"${NewVar2}\"}' ConnectionTimeout: $fx'=30' FollowRedirection: True ClearCookies: False FailOnErrorStatus: False EncodeRequestBody: False UserAgent: $fx'Mozilla/5.0 (Windows; U; Windows NT 5.1; en-US; rv:1.8.1.21) Gecko/20100312 Firefox/3.6' Encoding: Web.Encoding.AutoDetect AcceptUntrustedCertificates: False ResponseHeaders=&gt; WebServiceResponseHeaders Response=&gt; WebServiceResponse StatusCode=&gt; StatusCode\r\nText.GetSubtext.GetSubtext Text: $fx'=WebServiceResponse' CharacterPosition: $fx'13' NumberOfChars: $fx'6' Subtext=&gt; Subtext\r\nWebAutomation.Focus.Focus BrowserInstance: $fx'=Browser' Control: appmask['Web Page \\'https://ita-schengen.idata.com.tr/tr\\'']['Input text \\'mailConfirmCode\\' 4'] WaitForPageToLoadTimeout: $fx'=60'\r\nWebAutomation.PopulateTextField.PopulateTextFieldUsePhysicalKeyboard BrowserInstance: $fx'=Browser' Control: appmask['Web Page \\'https://ita-schengen.idata.com.tr/tr\\'']['Input text \\'mailConfirmCode\\' 3'] Text: $fx'=Subtext' Mode: WebAutomation.PopulateTextMode.Replace UnfocusAfterPopulate: True WaitForPageToLoadTimeout: $fx'=60'\r\nWebAutomation.Click.Click BrowserInstance: $fx'=Browser' Control: appmask['Web Page \\'https://ita-schengen.idata.com.tr/tr\\'']['Anchor \\'RANDEVU AL\\''] ClickType: WebAutomation.ClickType.LeftClick MouseClick: True WaitForPageToLoadTimeout: $fx'=60' MousePositionRelativeToElement: WebAutomation.RectangleEdgePoint.MiddleCenter OffsetX: $fx'=0' OffsetY: $fx'=0'\r\nBLOCK ErrorBlock\r\nON BLOCK ERROR\r\n\r\nEND\r\n    LOOP LoopIndex FROM $fx'=1' TO $fx'=15' STEP $fx'=1'\r\n        IF (WebAutomation.IfWebPageContains.WebPageContainsElement BrowserInstance: $fx'=Browser' Control: appmask['Web Page \\'h ... tment-form\\'']['Select \\'İkametgah Şehri Seçiniz\\'']) THEN\r\n            WebAutomation.SetDropDownListValue.SetDropDownListValueByName BrowserInstance: $fx'=Browser' Control: appmask['Web Page \\'h ... tment-form\\'']['Select \\'İkametgah Şehri Seçiniz\\''] OptionNames: $fx'Kocaeli' UseRegularExpression: False WaitForPageToLoadTimeout: $fx'=60'\r\n            WebAutomation.SetDropDownListValue.SetDropDownListValueByName BrowserInstance: $fx'=Browser' Control: appmask['Web Page \\'h ... tment-form\\'']['Select \\'iDATA Ofisi Seçiniz\\''] OptionNames: $fx'Bursa Ofis' UseRegularExpression: False WaitForPageToLoadTimeout: $fx'=60'\r\n            WebAutomation.SetDropDownListValue.SetDropDownListValueByName BrowserInstance: $fx'=Browser' Control: appmask['Web Page \\'h ... tment-form\\'']['Select \\'Gidiş amacı seçin\\''] OptionNames: $fx'Turistik' UseRegularExpression: False WaitForPageToLoadTimeout: $fx'=60'\r\n            WebAutomation.SetDropDownListValue.SetDropDownListValueByName BrowserInstance: $fx'=Browser' Control: appmask['Web Page \\'h ... tment-form\\'']['Select \\'Hizmet Türü Seçiniz\\''] OptionNames: $fx'STANDART' UseRegularExpression: False WaitForPageToLoadTimeout: $fx'=60'\r\n            WebAutomation.SetDropDownListValue.SetDropDownListValueByIndex BrowserInstance: $fx'=Browser' Control: appmask['Web Page \\'h ... tment-form\\'']['Select \\'Kişi Sayısı Seçiniz\\''] OptionsIndeces: $fx'3' WaitForPageToLoadTimeout: $fx'=60'\r\n            WAIT $fx'=3'\r\n            IF (WebAutomation.IfWebPageContains.WebPageDoesNotContainElement BrowserInstance: $fx'=Browser' Control: appmask['Web Page \\'h ... tment-form\\'']['Div \\'En yakın randevu tarihleri:\\'']) THEN\r\n                WebAutomation.SetDropDownListValue.SetDropDownListValueByName BrowserInstance: $fx'=Browser' Control: appmask['Web Page \\'h ... tment-form\\'']['Select \\'Hizmet Türü Seçiniz\\''] OptionNames: $fx'PREMIUM LOUNGE' UseRegularExpression: False WaitForPageToLoadTimeout: $fx'=60'\r\n                WebAutomation.SetDropDownListValue.SetDropDownListValueByIndex BrowserInstance: $fx'=Browser' Control: appmask['Web Page \\'h ... tment-form\\'']['Select \\'Kişi Sayısı Seçiniz\\''] OptionsIndeces: $fx'3' WaitForPageToLoadTimeout: $fx'=60'\r\n                WAIT $fx'=3'\r\n                IF (WebAutomation.IfWebPageContains.WebPageDoesNotContainElement BrowserInstance: $fx'=Browser' Control: appmask['Web Page \\'h ... tment-form\\'']['Div \\'En yakın randevu tarihleri:\\'']) THEN\r\n                    WebAutomation.SetDropDownListValue.SetDropDownListValueByIndex BrowserInstance: $fx'=Browser' Control: appmask['Web Page \\'h ... tment-form\\'']['Select \\'iDATA Ofisi Seçiniz\\''] OptionsIndeces: $fx'3' WaitForPageToLoadTimeout: $fx'=60'\r\n                    WebAutomation.SetDropDownListValue.SetDropDownListValueByName BrowserInstance: $fx'=Browser' Control: appmask['Web Page \\'h ... tment-form\\'']['Select \\'Gidiş amacı seçin\\''] OptionNames: $fx'Turistik' UseRegularExpression: False WaitForPageToLoadTimeout: $fx'=60'\r\n                    WebAutomation.SetDropDownListValue.SetDropDownListValueByName BrowserInstance: $fx'=Browser' Control: appmask['Web Page \\'h ... tment-form\\'']['Select \\'Hizmet Türü Seçiniz\\''] OptionNames: $fx'STANDART' UseRegularExpression: False WaitForPageToLoadTimeout: $fx'=60'\r\n                    WebAutomation.SetDropDownListValue.SetDropDownListValueByIndex BrowserInstance: $fx'=Browser' Control: appmask['Web Page \\'h ... tment-form\\'']['Select \\'Kişi Sayısı Seçiniz\\''] OptionsIndeces: $fx'3' WaitForPageToLoadTimeout: $fx'=60'\r\n                    WAIT $fx'=3'\r\n                    IF (WebAutomation.IfWebPageContains.WebPageDoesNotContainElement BrowserInstance: $fx'=Browser' Control: appmask['Web Page \\'h ... tment-form\\'']['Div \\'En yakın randevu tarihleri:\\'']) THEN\r\n                        WebAutomation.SetDropDownListValue.SetDropDownListValueByName BrowserInstance: $fx'=Browser' Control: appmask['Web Page \\'h ... tment-form\\'']['Select \\'Hizmet Türü Seçiniz\\''] OptionNames: $fx'PREMIUM LOUNGE' UseRegularExpression: False WaitForPageToLoadTimeout: $fx'=60'\r\n                        WebAutomation.SetDropDownListValue.SetDropDownListValueByIndex BrowserInstance: $fx'=Browser' Control: appmask['Web Page \\'h ... tment-form\\'']['Select \\'Kişi Sayısı Seçiniz\\''] OptionsIndeces: $fx'3' WaitForPageToLoadTimeout: $fx'=60'\r\n                        WAIT $fx'=3'\r\n                        IF (WebAutomation.IfWebPageContains.WebPageDoesNotContainElement BrowserInstance: $fx'=Browser' Control: appmask['Web Page \\'h ... tment-form\\'']['Div \\'En yakın randevu tarihleri:\\'']) THEN\r\n                            WebAutomation.SetDropDownListValue.SetDropDownListValueByName BrowserInstance: $fx'=Browser' Control: appmask['Web Page \\'h ... tment-form\\'']['Select \\'Hizmet Türü Seçiniz\\''] OptionNames: $fx'PRIME' UseRegularExpression: False WaitForPageToLoadTimeout: $fx'=60'\r\n                            WebAutomation.SetDropDownListValue.SetDropDownListValueByIndex BrowserInstance: $fx'=Browser' Control: appmask['Web Page \\'h ... tment-form\\'']['Select \\'Kişi Sayısı Seçiniz\\''] OptionsIndeces: $fx'3' WaitForPageToLoadTimeout: $fx'=60'\r\n                            WAIT $fx'=3'\r\n                            IF (WebAutomation.IfWebPageContains.WebPageDoesNotContainElement BrowserInstance: $fx'=Browser' Control: appmask['Web Page \\'h ... tment-form\\'']['Div \\'En yakın randevu tarihleri:\\'']) THEN\r\n                                WebAutomation.SetDropDownListValue.SetDropDownListValueByIndex BrowserInstance: $fx'=Browser' Control: appmask['Web Page \\'h ... tment-form\\'']['Select \\'iDATA Ofisi Seçiniz\\''] OptionsIndeces: $fx'4' WaitForPageToLoadTimeout: $fx'=60'\r\n                                WebAutomation.SetDropDownListValue.SetDropDownListValueByName BrowserInstance: $fx'=Browser' Control: appmask['Web Page \\'h ... tment-form\\'']['Select \\'Gidiş amacı seçin\\''] OptionNames: $fx'Turistik' UseRegularExpression: False WaitForPageToLoadTimeout: $fx'=60'\r\n                                WebAutomation.SetDropDownListValue.SetDropDownListValueByName BrowserInstance: $fx'=Browser' Control: appmask['Web Page \\'h ... tment-form\\'']['Select \\'Hizmet Türü Seçiniz\\''] OptionNames: $fx'STANDART' UseRegularExpression: False WaitForPageToLoadTimeout: $fx'=60'\r\n                                WebAutomation.SetDropDownListValue.SetDropDownListValueByIndex BrowserInstance: $fx'=Browser' Control: appmask['Web Page \\'h ... tment-form\\'']['Select \\'Kişi Sayısı Seçiniz\\''] OptionsIndeces: $fx'3' WaitForPageToLoadTimeout: $fx'=60'\r\n                                WAIT $fx'=3'\r\n                                IF (WebAutomation.IfWebPageContains.WebPageDoesNotContainElement BrowserInstance: $fx'=Browser' Control: appmask['Web Page \\'h ... tment-form\\'']['Div \\'En yakın randevu tarihleri:\\'']) THEN\r\n                                    WebAutomation.SetDropDownListValue.SetDropDownListValueByName BrowserInstance: $fx'=Browser' Control: appmask['Web Page \\'h ... tment-form\\'']['Select \\'Hizmet Türü Seçiniz\\''] OptionNames: $fx'PREMIUM LOUNGE' UseRegularExpression: False WaitForPageToLoadTimeout: $fx'=60'\r\n                                    WebAutomation.SetDropDownListValue.SetDropDownListValueByIndex BrowserInstance: $fx'=Browser' Control: appmask['Web Page \\'h ... tment-form\\'']['Select \\'Kişi Sayısı Seçiniz\\''] OptionsIndeces: $fx'3' WaitForPageToLoadTimeout: $fx'=60'\r\n                                    WAIT $fx'=3'\r\n                                    IF (WebAutomation.IfWebPageContains.WebPageDoesNotContainElement BrowserInstance: $fx'=Browser' Control: appmask['Web Page \\'h ... tment-form\\'']['Div \\'En yakın randevu tarihleri:\\'']) THEN\r\n                                        WebAutomation.SetDropDownListValue.SetDropDownListValueByName BrowserInstance: $fx'=Browser' Control: appmask['Web Page \\'h ... tment-form\\'']['Select \\'Hizmet Türü Seçiniz\\''] OptionNames: $fx'PRIME' UseRegularExpression: False WaitForPageToLoadTimeout: $fx'=60'\r\n                                        WebAutomation.SetDropDownListValue.SetDropDownListValueByIndex BrowserInstance: $fx'=Browser' Control: appmask['Web Page \\'h ... tment-form\\'']['Select \\'Kişi Sayısı Seçiniz\\''] OptionsIndeces: $fx'3' WaitForPageToLoadTimeout: $fx'=60'\r\n                                        WAIT $fx'=3'\r\n                                        IF (WebAutomation.IfWebPageContains.WebPageDoesNotContainElement BrowserInstance: $fx'=Browser' Control: appmask['Web Page \\'h ... tment-form\\'']['Div \\'En yakın randevu tarihleri:\\'']) THEN\r\n                                        ELSE\r\n                                            @@'emailMessage/Sensitivity': ''\r\n@@connectionDisplayName: 'Office 365 Outlook powerx-61084'\r\nExternal.InvokeCloudConnector Connection: 'c975f903-1f51-4c82-b775-bdaf7af40999' ConnectorId: '/providers/Microsoft.PowerApps/apis/shared_office365' OperationId: 'SendEmailV2' @'emailMessage/To': $fx'iremssayar@gmail.com; hazerkirbasoglu@gmail.com; hazer.kirbasoglu@bs.nttdata.com; irem.sayar@finagotech.com.tr' @'emailMessage/Subject': $fx'İtalya Vize Başvurusu !!!' @'emailMessage/Body': $fx'İkametgah : Kocaeli\r\nOfis : İstanbul - Gayrettepe\r\nTip : Turistik\r\nHizmet Türü : PRIME\r\nKişi sayısı : 2 Kişi\r\n\r\nBaşvurabilirsin...' @'emailMessage/Importance': $fx'=\"\"'\r\n                                            WebAutomation.Click.Click BrowserInstance: $fx'=Browser' Control: appmask['Web Page \\'h ... tment-form\\'']['Anchor \\'İLERİ\\''] ClickType: WebAutomation.ClickType.LeftClick MouseClick: True WaitForPageToLoadTimeout: $fx'=60' MousePositionRelativeToElement: WebAutomation.RectangleEdgePoint.MiddleCenter OffsetX: $fx'=0' OffsetY: $fx'=0'\r\n                                            EXIT Code: $fx'=0'\r\n                                        END\r\n                                    ELSE\r\n                                        @@'emailMessage/Sensitivity': ''\r\n@@connectionDisplayName: 'Office 365 Outlook powerx-61084'\r\nExternal.InvokeCloudConnector Connection: 'c975f903-1f51-4c82-b775-bdaf7af40999' ConnectorId: '/providers/Microsoft.PowerApps/apis/shared_office365' OperationId: 'SendEmailV2' @'emailMessage/To': $fx'iremssayar@gmail.com; hazerkirbasoglu@gmail.com; hazer.kirbasoglu@bs.nttdata.com; irem.sayar@finagotech.com.tr' @'emailMessage/Subject': $fx'İtalya Vize Başvurusu !!!' @'emailMessage/Body': $fx'İkametgah : Kocaeli\r\nOfis : İstanbul - Gayrettepe\r\nTip : Turistik\r\nHizmet Türü : PREMIUM LOUNGE\r\nKişi sayısı : 2 Kişi\r\n\r\nBaşvurabilirsin...' @'emailMessage/Importance': $fx'=\"\"'\r\n                                        WebAutomation.Click.Click BrowserInstance: $fx'=Browser' Control: appmask['Web Page \\'h ... tment-form\\'']['Anchor \\'İLERİ\\''] ClickType: WebAutomation.ClickType.LeftClick MouseClick: True WaitForPageToLoadTimeout: $fx'=60' MousePositionRelativeToElement: WebAutomation.RectangleEdgePoint.MiddleCenter OffsetX: $fx'=0' OffsetY: $fx'=0'\r\n                                        EXIT Code: $fx'=0'\r\n                                    END\r\n                                ELSE\r\n                                    @@'emailMessage/Sensitivity': ''\r\n@@connectionDisplayName: 'Office 365 Outlook powerx-61084'\r\nExternal.InvokeCloudConnector Connection: 'c975f903-1f51-4c82-b775-bdaf7af40999' ConnectorId: '/providers/Microsoft.PowerApps/apis/shared_office365' OperationId: 'SendEmailV2' @'emailMessage/To': $fx'iremssayar@gmail.com; hazerkirbasoglu@gmail.com; hazer.kirbasoglu@bs.nttdata.com; irem.sayar@finagotech.com.tr' @'emailMessage/Subject': $fx'İtalya Vize Başvurusu !!!' @'emailMessage/Body': $fx'İkametgah : Kocaeli\r\nOfis : İstanbul - Gayrettepe\r\nTip : Turistik\r\nHizmet Türü : STANDART\r\nKişi sayısı : 2 Kişi\r\n\r\nBaşvurabilirsin...' @'emailMessage/Importance': $fx'=\"\"'\r\n                                    WebAutomation.Click.Click BrowserInstance: $fx'=Browser' Control: appmask['Web Page \\'h ... tment-form\\'']['Anchor \\'İLERİ\\''] ClickType: WebAutomation.ClickType.LeftClick MouseClick: True WaitForPageToLoadTimeout: $fx'=60' MousePositionRelativeToElement: WebAutomation.RectangleEdgePoint.MiddleCenter OffsetX: $fx'=0' OffsetY: $fx'=0'\r\n                                    EXIT Code: $fx'=0'\r\n                                END\r\n                            ELSE\r\n                                @@'emailMessage/Sensitivity': ''\r\n@@connectionDisplayName: 'Office 365 Outlook powerx-61084'\r\nExternal.InvokeCloudConnector Connection: 'c975f903-1f51-4c82-b775-bdaf7af40999' ConnectorId: '/providers/Microsoft.PowerApps/apis/shared_office365' OperationId: 'SendEmailV2' @'emailMessage/To': $fx'iremssayar@gmail.com; hazerkirbasoglu@gmail.com; hazer.kirbasoglu@bs.nttdata.com; irem.sayar@finagotech.com.tr' @'emailMessage/Subject': $fx'İtalya Vize Başvurusu !!!' @'emailMessage/Body': $fx'İkametgah : Kocaeli\r\nOfis : İstanbul - Altunizade\r\nTip : Turistik\r\nHizmet Türü : PRIME\r\nKişi sayısı : 2 Kişi\r\n\r\nBaşvurabilirsin...' @'emailMessage/Importance': $fx'=\"\"'\r\n                                WebAutomation.Click.Click BrowserInstance: $fx'=Browser' Control: appmask['Web Page \\'h ... tment-form\\'']['Anchor \\'İLERİ\\''] ClickType: WebAutomation.ClickType.LeftClick MouseClick: True WaitForPageToLoadTimeout: $fx'=60' MousePositionRelativeToElement: WebAutomation.RectangleEdgePoint.MiddleCenter OffsetX: $fx'=0' OffsetY: $fx'=0'\r\n                                EXIT Code: $fx'=0'\r\n                            END\r\n                        ELSE\r\n                            @@'emailMessage/Sensitivity': ''\r\n@@connectionDisplayName: 'Office 365 Outlook powerx-61084'\r\nExternal.InvokeCloudConnector Connection: 'c975f903-1f51-4c82-b775-bdaf7af40999' ConnectorId: '/providers/Microsoft.PowerApps/apis/shared_office365' OperationId: 'SendEmailV2' @'emailMessage/To': $fx'iremssayar@gmail.com; hazerkirbasoglu@gmail.com; hazer.kirbasoglu@bs.nttdata.com; irem.sayar@finagotech.com.tr' @'emailMessage/Subject': $fx'İtalya Vize Başvurusu !!!' @'emailMessage/Body': $fx'İkametgah : Kocaeli\r\nOfis : İstanbul - Altunizade\r\nTip : Turistik\r\nHizmet Türü : PREMIUM LOUNGE\r\nKişi sayısı : 2 Kişi\r\n\r\nBaşvurabilirsin...' @'emailMessage/Importance': $fx'=\"\"'\r\n                            WebAutomation.Click.Click BrowserInstance: $fx'=Browser' Control: appmask['Web Page \\'h ... tment-form\\'']['Anchor \\'İLERİ\\''] ClickType: WebAutomation.ClickType.LeftClick MouseClick: True WaitForPageToLoadTimeout: $fx'=60' MousePositionRelativeToElement: WebAutomation.RectangleEdgePoint.MiddleCenter OffsetX: $fx'=0' OffsetY: $fx'=0'\r\n                            EXIT Code: $fx'=0'\r\n                        END\r\n                    ELSE\r\n                        @@'emailMessage/Sensitivity': ''\r\n@@connectionDisplayName: 'Office 365 Outlook powerx-61084'\r\nExternal.InvokeCloudConnector Connection: 'c975f903-1f51-4c82-b775-bdaf7af40999' ConnectorId: '/providers/Microsoft.PowerApps/apis/shared_office365' OperationId: 'SendEmailV2' @'emailMessage/To': $fx'iremssayar@gmail.com; hazerkirbasoglu@gmail.com; hazer.kirbasoglu@bs.nttdata.com; irem.sayar@finagotech.com.tr' @'emailMessage/Subject': $fx'İtalya Vize Başvurusu !!!' @'emailMessage/Body': $fx'İkametgah : Kocaeli\r\nOfis : İstanbul - Altunizade\r\nTip : Turistik\r\nHizmet Türü : STANDART\r\nKişi sayısı : 2 Kişi\r\n\r\nBaşvurabilirsin...' @'emailMessage/Importance': $fx'=\"\"'\r\n                        WebAutomation.Click.Click BrowserInstance: $fx'=Browser' Control: appmask['Web Page \\'h ... tment-form\\'']['Anchor \\'İLERİ\\''] ClickType: WebAutomation.ClickType.LeftClick MouseClick: True WaitForPageToLoadTimeout: $fx'=60' MousePositionRelativeToElement: WebAutomation.RectangleEdgePoint.MiddleCenter OffsetX: $fx'=0' OffsetY: $fx'=0'\r\n                        EXIT Code: $fx'=0'\r\n                    END\r\n                ELSE\r\n                    @@'emailMessage/Sensitivity': ''\r\n@@connectionDisplayName: 'Office 365 Outlook powerx-61084'\r\nExternal.InvokeCloudConnector Connection: 'c975f903-1f51-4c82-b775-bdaf7af40999' ConnectorId: '/providers/Microsoft.PowerApps/apis/shared_office365' OperationId: 'SendEmailV2' @'emailMessage/To': $fx'iremssayar@gmail.com; hazerkirbasoglu@gmail.com; hazer.kirbasoglu@bs.nttdata.com; irem.sayar@finagotech.com.tr' @'emailMessage/Subject': $fx'İtalya Vize Başvurusu !!!' @'emailMessage/Body': $fx'İkametgah : Kocaeli\r\nOfis : Bursa\r\nTip : Turistik\r\nHizmet Türü : PREMIUM LOUNGE\r\nKişi sayısı : 2 Kişi\r\n\r\nBaşvurabilirsin...' @'emailMessage/Importance': $fx'=\"\"'\r\n                    WebAutomation.Click.Click BrowserInstance: $fx'=Browser' Control: appmask['Web Page \\'h ... tment-form\\'']['Anchor \\'İLERİ\\''] ClickType: WebAutomation.ClickType.LeftClick MouseClick: True WaitForPageToLoadTimeout: $fx'=60' MousePositionRelativeToElement: WebAutomation.RectangleEdgePoint.MiddleCenter OffsetX: $fx'=0' OffsetY: $fx'=0'\r\n                    EXIT Code: $fx'=0'\r\n                END\r\n            ELSE\r\n                @@'emailMessage/Sensitivity': ''\r\n@@connectionDisplayName: 'Office 365 Outlook powerx-61084'\r\nExternal.InvokeCloudConnector Connection: 'c975f903-1f51-4c82-b775-bdaf7af40999' ConnectorId: '/providers/Microsoft.PowerApps/apis/shared_office365' OperationId: 'SendEmailV2' @'emailMessage/To': $fx'iremssayar@gmail.com; hazerkirbasoglu@gmail.com; hazer.kirbasoglu@bs.nttdata.com; irem.sayar@finagotech.com.tr' @'emailMessage/Subject': $fx'İtalya Vize Başvurusu !!!' @'emailMessage/Body': $fx'İkametgah : Kocaeli\r\nOfis : Bursa\r\nTip : Turistik\r\nHizmet Türü : STANDART\r\nKişi sayısı : 2 Kişi\r\n\r\nBaşvurabilirsin...' @'emailMessage/Importance': $fx'=\"\"'\r\n                WebAutomation.Click.Click BrowserInstance: $fx'=Browser' Control: appmask['Web Page \\'h ... tment-form\\'']['Anchor \\'İLERİ\\''] ClickType: WebAutomation.ClickType.LeftClick MouseClick: True WaitForPageToLoadTimeout: $fx'=60' MousePositionRelativeToElement: WebAutomation.RectangleEdgePoint.MiddleCenter OffsetX: $fx'=0' OffsetY: $fx'=0'\r\n                EXIT Code: $fx'=0'\r\n            END\r\n        ELSE\r\n            GOTO GoToLabel\r\n        END\r\n    END\r\nEND\r\nWebAutomation.CloseWebBrowser BrowserInstance: $fx'=Browser'\r\nWAIT $fx'=300'\r\nGOTO ErrorLabel\r\n"</Definition>
      <SchemaVersion>2022.06</SchemaVersion>
      <DesktopFlowModules>[]</DesktopFlowModules>
      <PrimaryEntity>none</PrimaryEntity>
      <LocalizedNames>
        <LocalizedName languagecode="1033" description="DESKTOP FLOW - iData Appointment Check - Lütfi" />
      </LocalizedNames>
    </Workflow>
  </Workflows>
  <FieldSecurityProfiles></FieldSecurityProfiles>
  <Templates />
  <EntityMaps />
  <EntityRelationships />
  <OrganizationSettings />
  <optionsets />
  <CustomControls />
  <EntityDataProviders />
  <Languages>
    <Language>1033</Language>
  </Languages>
</ImportExportXml>